,LetItBe_C,song1,song2,song3,
LetItBe_C,0,0.16258,0.219355,0.07363
song1,0.16258,0,0.28,0.1
song2,0.219355,0.28,0,0.34
song3,0.07363,0.1,0.34,0
